-- MySQL dump 10.13  Distrib 8.0.45, for Linux (x86_64)
--
-- Host: localhost    Database: doctor_appointment_system
-- ------------------------------------------------------
-- Server version	8.0.45-0ubuntu0.24.04.1

/*!40101 SET @OLD_CHARACTER_SET_CLIENT=@@CHARACTER_SET_CLIENT */;
/*!40101 SET @OLD_CHARACTER_SET_RESULTS=@@CHARACTER_SET_RESULTS */;
/*!40101 SET @OLD_COLLATION_CONNECTION=@@COLLATION_CONNECTION */;
/*!50503 SET NAMES utf8mb4 */;
/*!40103 SET @OLD_TIME_ZONE=@@TIME_ZONE */;
/*!40103 SET TIME_ZONE='+00:00' */;
/*!40014 SET @OLD_UNIQUE_CHECKS=@@UNIQUE_CHECKS, UNIQUE_CHECKS=0 */;
/*!40014 SET @OLD_FOREIGN_KEY_CHECKS=@@FOREIGN_KEY_CHECKS, FOREIGN_KEY_CHECKS=0 */;
/*!40101 SET @OLD_SQL_MODE=@@SQL_MODE, SQL_MODE='NO_AUTO_VALUE_ON_ZERO' */;
/*!40111 SET @OLD_SQL_NOTES=@@SQL_NOTES, SQL_NOTES=0 */;

--
-- Current Database: `doctor_appointment_system`
--

CREATE DATABASE /*!32312 IF NOT EXISTS*/ `doctor_appointment_system` /*!40100 DEFAULT CHARACTER SET utf8mb4 COLLATE utf8mb4_unicode_ci */ /*!80016  */;

USE `doctor_appointment_system`;

--
-- Table structure for table `admins`
--

DROP TABLE IF EXISTS `admins`;
/*!40101 SET @saved_cs_client     = @@character_set_client */;
/*!50503 SET character_set_client = utf8mb4 */;
CREATE TABLE `admins` (
  `id` int NOT NULL AUTO_INCREMENT,
  `username` varchar(50) NOT NULL,
  `password` varchar(255) NOT NULL,
  PRIMARY KEY (`id`),
  UNIQUE KEY `username` (`username`)
) ENGINE=InnoDB AUTO_INCREMENT=2 DEFAULT CHARSET=utf8mb4 COLLATE=utf8mb4_unicode_ci;
/*!40101 SET character_set_client = @saved_cs_client */;

--
-- Dumping data for table `admins`
--

LOCK TABLES `admins` WRITE;
/*!40000 ALTER TABLE `admins` DISABLE KEYS */;
INSERT INTO `admins` VALUES (1,'admin','$2y$10$SV2FtMn7MIAT/pMn18xzDeCEH1D5RFUg.A8TPKYjS3JoIMmfjwhme');
/*!40000 ALTER TABLE `admins` ENABLE KEYS */;
UNLOCK TABLES;

--
-- Table structure for table `categories`
--

DROP TABLE IF EXISTS `categories`;
/*!40101 SET @saved_cs_client     = @@character_set_client */;
/*!50503 SET character_set_client = utf8mb4 */;
CREATE TABLE `categories` (
  `id` int NOT NULL AUTO_INCREMENT,
  `name` varchar(100) NOT NULL,
  PRIMARY KEY (`id`)
) ENGINE=InnoDB AUTO_INCREMENT=22 DEFAULT CHARSET=utf8mb4 COLLATE=utf8mb4_unicode_ci;
/*!40101 SET character_set_client = @saved_cs_client */;

--
-- Dumping data for table `categories`
--

LOCK TABLES `categories` WRITE;
/*!40000 ALTER TABLE `categories` DISABLE KEYS */;
INSERT INTO `categories` VALUES (1,'Cardiology'),(2,'Neurology'),(3,'Pediatrics'),(4,'Orthopedics'),(5,'Dermatology'),(6,'Oncology'),(7,'Psychiatry'),(8,'Gastroenterology'),(9,'Endocrinology'),(10,'Ophthalmology'),(11,'Urology'),(12,'Gynecology'),(13,'Pulmonology'),(14,'Rheumatology'),(15,'Nephrology'),(16,'Otolaryngology (ENT)'),(17,'Anesthesiology'),(18,'Pathology'),(19,'Radiology'),(20,'General Practice');
/*!40000 ALTER TABLE `categories` ENABLE KEYS */;
UNLOCK TABLES;

--
-- Table structure for table `users`
--

DROP TABLE IF EXISTS `users`;
/*!40101 SET @saved_cs_client     = @@character_set_client */;
/*!50503 SET character_set_client = utf8mb4 */;
CREATE TABLE `users` (
  `id` int NOT NULL AUTO_INCREMENT,
  `name` varchar(100) NOT NULL,
  `email` varchar(100) NOT NULL,
  `phone` varchar(20) DEFAULT NULL,
  `address` text,
  `password` varchar(255) NOT NULL,
  `created_at` timestamp NOT NULL DEFAULT CURRENT_TIMESTAMP,
  PRIMARY KEY (`id`),
  UNIQUE KEY `email` (`email`)
) ENGINE=InnoDB AUTO_INCREMENT=2 DEFAULT CHARSET=utf8mb4 COLLATE=utf8mb4_unicode_ci;
/*!40101 SET character_set_client = @saved_cs_client */;

--
-- Dumping data for table `users`
--

LOCK TABLES `users` WRITE;
/*!40000 ALTER TABLE `users` DISABLE KEYS */;
INSERT INTO `users` VALUES (1,'Surya P','suryapanneer04@gmail.com','09384178442','54/266 annanagar 1st street','$2y$10$ePPQrLH8Mcqteo4Sdez1Su2SGZI.TZp0XKpQ8T.05UtUPHWCQUEju','2026-03-01 08:03:45');
/*!40000 ALTER TABLE `users` ENABLE KEYS */;
UNLOCK TABLES;
-- Table structure for table `doctors`
--

DROP TABLE IF EXISTS `doctors`;
/*!40101 SET @saved_cs_client     = @@character_set_client */;
/*!50503 SET character_set_client = utf8mb4 */;
CREATE TABLE `doctors` (
  `id` int NOT NULL AUTO_INCREMENT,
  `category_id` int NOT NULL,
  `name` varchar(100) NOT NULL,
  `email` varchar(100) NOT NULL,
  `password` varchar(255) DEFAULT NULL,
  `phone` varchar(20) NOT NULL,
  `photo` varchar(255) DEFAULT NULL,
  `details` text,
  `rating` decimal(3,1) NOT NULL DEFAULT '0.0',
  `is_available` tinyint(1) NOT NULL DEFAULT '1',
  `location` varchar(255) DEFAULT 'Main Clinic',
  `fees` decimal(10,2) DEFAULT '500.00',
  PRIMARY KEY (`id`),
  KEY `category_id` (`category_id`),
  CONSTRAINT `doctors_ibfk_1` FOREIGN KEY (`category_id`) REFERENCES `categories` (`id`) ON DELETE CASCADE
) ENGINE=InnoDB AUTO_INCREMENT=572 DEFAULT CHARSET=utf8mb4 COLLATE=utf8mb4_unicode_ci;
/*!40101 SET character_set_client = @saved_cs_client */;

--
-- Dumping data for table `doctors`
--

LOCK TABLES `doctors` WRITE;
/*!40000 ALTER TABLE `doctors` DISABLE KEYS */;
INSERT INTO `doctors` VALUES (402,1,'Dr. Susan Martinez','drsusanmartinez98@medcare.local','$2y$10$oNaOUVpBf0St.ANOKUEZUuaX5uK.VtlAWwzdFKNu/QXmhIdqzpOEa','555-7830','https://ui-avatars.com/api/?name=Dr.+Susan+Martinez&background=random&size=200','Experienced specialist in Cardiology with over 6 years of clinical practice. Dedicated to providing compassionate and comprehensive care.',5.0,1,'Downtown Medical Center',750.00),(403,1,'Dr. James Brown','drjamesbrown46@medcare.local','$2y$10$oNaOUVpBf0St.ANOKUEZUuaX5uK.VtlAWwzdFKNu/QXmhIdqzpOEa','555-4985','https://ui-avatars.com/api/?name=Dr.+James+Brown&background=random&size=200','Experienced specialist in Cardiology with over 15 years of clinical practice. Dedicated to providing compassionate and comprehensive care.',4.1,0,'Main Clinic',500.00),(404,1,'Dr. James Gonzalez','drjamesgonzalez51@medcare.local','$2y$10$oNaOUVpBf0St.ANOKUEZUuaX5uK.VtlAWwzdFKNu/QXmhIdqzpOEa','555-2560','https://ui-avatars.com/api/?name=Dr.+James+Gonzalez&background=random&size=200','Experienced specialist in Cardiology with over 8 years of clinical practice. Dedicated to providing compassionate and comprehensive care.',3.9,1,'Downtown Medical Center',750.00),(405,1,'Dr. David Garcia','drdavidgarcia62@medcare.local','$2y$10$oNaOUVpBf0St.ANOKUEZUuaX5uK.VtlAWwzdFKNu/QXmhIdqzpOEa','555-4403','https://ui-avatars.com/api/?name=Dr.+David+Garcia&background=random&size=200','Experienced specialist in Cardiology with over 18 years of clinical practice. Dedicated to providing compassionate and comprehensive care.',2.7,0,'Westside Health Hub',600.00),(406,1,'Dr. William Thomas','drwilliamthomas27@medcare.local','$2y$10$oNaOUVpBf0St.ANOKUEZUuaX5uK.VtlAWwzdFKNu/QXmhIdqzpOEa','555-7125','https://ui-avatars.com/api/?name=Dr.+William+Thomas&background=random&size=200','Experienced specialist in Cardiology with over 18 years of clinical practice. Dedicated to providing compassionate and comprehensive care.',2.1,0,'Downtown Medical Center',750.00),(407,1,'Dr. Jessica Garcia','drjessicagarcia71@medcare.local','$2y$10$oNaOUVpBf0St.ANOKUEZUuaX5uK.VtlAWwzdFKNu/QXmhIdqzpOEa','555-9028','https://ui-avatars.com/api/?name=Dr.+Jessica+Garcia&background=random&size=200','Experienced specialist in Cardiology with over 19 years of clinical practice. Dedicated to providing compassionate and comprehensive care.',1.5,0,'Main Clinic',500.00),(408,1,'Dr. Thomas Moore','drthomasmoore91@medcare.local','$2y$10$oNaOUVpBf0St.ANOKUEZUuaX5uK.VtlAWwzdFKNu/QXmhIdqzpOEa','555-7910','https://ui-avatars.com/api/?name=Dr.+Thomas+Moore&background=random&size=200','Experienced specialist in Cardiology with over 8 years of clinical practice. Dedicated to providing compassionate and comprehensive care.',1.4,1,'Downtown Medical Center',750.00),(409,2,'Dr. David Anderson','drdavidanderson27@medcare.local','$2y$10$oNaOUVpBf0St.ANOKUEZUuaX5uK.VtlAWwzdFKNu/QXmhIdqzpOEa','555-1211','https://ui-avatars.com/api/?name=Dr.+David+Anderson&background=random&size=200','Experienced specialist in Neurology with over 21 years of clinical practice. Dedicated to providing compassionate and comprehensive care.',4.6,1,'Main Clinic',500.00),(410,2,'Dr. Mary Johnson','drmaryjohnson53@medcare.local','$2y$10$oNaOUVpBf0St.ANOKUEZUuaX5uK.VtlAWwzdFKNu/QXmhIdqzpOEa','555-0353','https://ui-avatars.com/api/?name=Dr.+Mary+Johnson&background=random&size=200','Experienced specialist in Neurology with over 7 years of clinical practice. Dedicated to providing compassionate and comprehensive care.',4.5,0,'Downtown Medical Center',750.00),(411,2,'Dr. Thomas Johnson','drthomasjohnson66@medcare.local','$2y$10$oNaOUVpBf0St.ANOKUEZUuaX5uK.VtlAWwzdFKNu/QXmhIdqzpOEa','555-4109','https://ui-avatars.com/api/?name=Dr.+Thomas+Johnson&background=random&size=200','Experienced specialist in Neurology with over 15 years of clinical practice. Dedicated to providing compassionate and comprehensive care.',4.2,1,'Westside Health Hub',600.00),(412,2,'Dr. Karen Jackson','drkarenjackson38@medcare.local','$2y$10$oNaOUVpBf0St.ANOKUEZUuaX5uK.VtlAWwzdFKNu/QXmhIdqzpOEa','555-9709','https://ui-avatars.com/api/?name=Dr.+Karen+Jackson&background=random&size=200','Experienced specialist in Neurology with over 24 years of clinical practice. Dedicated to providing compassionate and comprehensive care.',4.0,0,'Downtown Medical Center',750.00),(413,2,'Dr. Thomas Williams','drthomaswilliams75@medcare.local','$2y$10$oNaOUVpBf0St.ANOKUEZUuaX5uK.VtlAWwzdFKNu/QXmhIdqzpOEa','555-1769','https://ui-avatars.com/api/?name=Dr.+Thomas+Williams&background=random&size=200','Experienced specialist in Neurology with over 25 years of clinical practice. Dedicated to providing compassionate and comprehensive care.',4.0,0,'Main Clinic',500.00),(414,2,'Dr. Barbara Lopez','drbarbaralopez30@medcare.local','$2y$10$oNaOUVpBf0St.ANOKUEZUuaX5uK.VtlAWwzdFKNu/QXmhIdqzpOEa','555-9153','https://ui-avatars.com/api/?name=Dr.+Barbara+Lopez&background=random&size=200','Experienced specialist in Neurology with over 12 years of clinical practice. Dedicated to providing compassionate and comprehensive care.',3.7,1,'Downtown Medical Center',750.00),(415,2,'Dr. David Thomas','drdavidthomas61@medcare.local','$2y$10$oNaOUVpBf0St.ANOKUEZUuaX5uK.VtlAWwzdFKNu/QXmhIdqzpOEa','555-8912','https://ui-avatars.com/api/?name=Dr.+David+Thomas&background=random&size=200','Experienced specialist in Neurology with over 15 years of clinical practice. Dedicated to providing compassionate and comprehensive care.',3.2,0,'Main Clinic',500.00),(416,2,'Dr. David Martin','drdavidmartin69@medcare.local','$2y$10$oNaOUVpBf0St.ANOKUEZUuaX5uK.VtlAWwzdFKNu/QXmhIdqzpOEa','555-2547','https://ui-avatars.com/api/?name=Dr.+David+Martin&background=random&size=200','Experienced specialist in Neurology with over 19 years of clinical practice. Dedicated to providing compassionate and comprehensive care.',2.9,1,'Downtown Medical Center',750.00),(417,2,'Dr. Jessica Williams','drjessicawilliams49@medcare.local','$2y$10$oNaOUVpBf0St.ANOKUEZUuaX5uK.VtlAWwzdFKNu/QXmhIdqzpOEa','555-4700','https://ui-avatars.com/api/?name=Dr.+Jessica+Williams&background=random&size=200','Experienced specialist in Neurology with over 22 years of clinical practice. Dedicated to providing compassionate and comprehensive care.',1.7,0,'Westside Health Hub',600.00),(418,2,'Dr. Robert Moore','drrobertmoore90@medcare.local','$2y$10$oNaOUVpBf0St.ANOKUEZUuaX5uK.VtlAWwzdFKNu/QXmhIdqzpOEa','555-5361','https://ui-avatars.com/api/?name=Dr.+Robert+Moore&background=random&size=200','Experienced specialist in Neurology with over 22 years of clinical practice. Dedicated to providing compassionate and comprehensive care.',1.4,0,'Downtown Medical Center',750.00),(419,3,'Dr. Joseph Hernandez','drjosephhernandez68@medcare.local','$2y$10$oNaOUVpBf0St.ANOKUEZUuaX5uK.VtlAWwzdFKNu/QXmhIdqzpOEa','555-4822','https://ui-avatars.com/api/?name=Dr.+Joseph+Hernandez&background=random&size=200','Experienced specialist in Pediatrics with over 21 years of clinical practice. Dedicated to providing compassionate and comprehensive care.',4.2,1,'Main Clinic',500.00),(420,3,'Dr. Mary Rodriguez','drmaryrodriguez76@medcare.local','$2y$10$oNaOUVpBf0St.ANOKUEZUuaX5uK.VtlAWwzdFKNu/QXmhIdqzpOEa','555-2651','https://ui-avatars.com/api/?name=Dr.+Mary+Rodriguez&background=random&size=200','Experienced specialist in Pediatrics with over 9 years of clinical practice. Dedicated to providing compassionate and comprehensive care.',3.6,0,'Downtown Medical Center',750.00),(421,3,'Dr. Linda Hernandez','drlindahernandez69@medcare.local','$2y$10$oNaOUVpBf0St.ANOKUEZUuaX5uK.VtlAWwzdFKNu/QXmhIdqzpOEa','555-8789','https://ui-avatars.com/api/?name=Dr.+Linda+Hernandez&background=random&size=200','Experienced specialist in Pediatrics with over 8 years of clinical practice. Dedicated to providing compassionate and comprehensive care.',3.4,0,'Main Clinic',500.00),(422,3,'Dr. Michael Davis','drmichaeldavis49@medcare.local','$2y$10$oNaOUVpBf0St.ANOKUEZUuaX5uK.VtlAWwzdFKNu/QXmhIdqzpOEa','555-7407','https://ui-avatars.com/api/?name=Dr.+Michael+Davis&background=random&size=200','Experienced specialist in Pediatrics with over 19 years of clinical practice. Dedicated to providing compassionate and comprehensive care.',2.7,0,'Downtown Medical Center',750.00),(423,3,'Dr. Charles Anderson','drcharlesanderson77@medcare.local','$2y$10$oNaOUVpBf0St.ANOKUEZUuaX5uK.VtlAWwzdFKNu/QXmhIdqzpOEa','555-9572','https://ui-avatars.com/api/?name=Dr.+Charles+Anderson&background=random&size=200','Experienced specialist in Pediatrics with over 23 years of clinical practice. Dedicated to providing compassionate and comprehensive care.',2.5,1,'Westside Health Hub',600.00),(424,3,'Dr. Charles Wilson','drcharleswilson44@medcare.local','$2y$10$oNaOUVpBf0St.ANOKUEZUuaX5uK.VtlAWwzdFKNu/QXmhIdqzpOEa','555-4359','https://ui-avatars.com/api/?name=Dr.+Charles+Wilson&background=random&size=200','Experienced specialist in Pediatrics with over 20 years of clinical practice. Dedicated to providing compassionate and comprehensive care.',2.4,0,'Downtown Medical Center',750.00),(425,3,'Dr. Susan Gonzalez','drsusangonzalez93@medcare.local','$2y$10$oNaOUVpBf0St.ANOKUEZUuaX5uK.VtlAWwzdFKNu/QXmhIdqzpOEa','555-0402','https://ui-avatars.com/api/?name=Dr.+Susan+Gonzalez&background=random&size=200','Experienced specialist in Pediatrics with over 6 years of clinical practice. Dedicated to providing compassionate and comprehensive care.',2.1,1,'Main Clinic',500.00),(426,3,'Dr. John Jones','drjohnjones37@medcare.local','$2y$10$oNaOUVpBf0St.ANOKUEZUuaX5uK.VtlAWwzdFKNu/QXmhIdqzpOEa','555-4754','https://ui-avatars.com/api/?name=Dr.+John+Jones&background=random&size=200','Experienced specialist in Pediatrics with over 11 years of clinical practice. Dedicated to providing compassionate and comprehensive care.',1.8,0,'Downtown Medical Center',750.00),(427,3,'Dr. Jessica Moore','drjessicamoore45@medcare.local','$2y$10$oNaOUVpBf0St.ANOKUEZUuaX5uK.VtlAWwzdFKNu/QXmhIdqzpOEa','555-8888','https://ui-avatars.com/api/?name=Dr.+Jessica+Moore&background=random&size=200','Experienced specialist in Pediatrics with over 16 years of clinical practice. Dedicated to providing compassionate and comprehensive care.',1.5,0,'Main Clinic',500.00),(428,4,'Dr. Susan Garcia','drsusangarcia93@medcare.local','$2y$10$oNaOUVpBf0St.ANOKUEZUuaX5uK.VtlAWwzdFKNu/QXmhIdqzpOEa','555-6506','https://ui-avatars.com/api/?name=Dr.+Susan+Garcia&background=random&size=200','Experienced specialist in Orthopedics with over 12 years of clinical practice. Dedicated to providing compassionate and comprehensive care.',5.0,1,'Downtown Medical Center',750.00),(429,4,'Dr. Susan Gonzalez','drsusangonzalez36@medcare.local','$2y$10$oNaOUVpBf0St.ANOKUEZUuaX5uK.VtlAWwzdFKNu/QXmhIdqzpOEa','555-9909','https://ui-avatars.com/api/?name=Dr.+Susan+Gonzalez&background=random&size=200','Experienced specialist in Orthopedics with over 15 years of clinical practice. Dedicated to providing compassionate and comprehensive care.',4.7,1,'Westside Health Hub',600.00),(430,4,'Dr. John Hernandez','drjohnhernandez47@medcare.local','$2y$10$oNaOUVpBf0St.ANOKUEZUuaX5uK.VtlAWwzdFKNu/QXmhIdqzpOEa','555-6986','https://ui-avatars.com/api/?name=Dr.+John+Hernandez&background=random&size=200','Experienced specialist in Orthopedics with over 25 years of clinical practice. Dedicated to providing compassionate and comprehensive care.',4.5,1,'Downtown Medical Center',750.00),(431,4,'Dr. Susan Jackson','drsusanjackson10@medcare.local','$2y$10$oNaOUVpBf0St.ANOKUEZUuaX5uK.VtlAWwzdFKNu/QXmhIdqzpOEa','555-8363','https://ui-avatars.com/api/?name=Dr.+Susan+Jackson&background=random&size=200','Experienced specialist in Orthopedics with over 18 years of clinical practice. Dedicated to providing compassionate and comprehensive care.',4.1,0,'Main Clinic',500.00),(432,4,'Dr. Linda Miller','drlindamiller12@medcare.local','$2y$10$oNaOUVpBf0St.ANOKUEZUuaX5uK.VtlAWwzdFKNu/QXmhIdqzpOEa','555-3132','https://ui-avatars.com/api/?name=Dr.+Linda+Miller&background=random&size=200','Experienced specialist in Orthopedics with over 20 years of clinical practice. Dedicated to providing compassionate and comprehensive care.',4.1,1,'Downtown Medical Center',750.00),(433,4,'Dr. Elizabeth Moore','drelizabethmoore42@medcare.local','$2y$10$oNaOUVpBf0St.ANOKUEZUuaX5uK.VtlAWwzdFKNu/QXmhIdqzpOEa','555-9054','https://ui-avatars.com/api/?name=Dr.+Elizabeth+Moore&background=random&size=200','Experienced specialist in Orthopedics with over 23 years of clinical practice. Dedicated to providing compassionate and comprehensive care.',4.0,0,'Main Clinic',500.00),(434,4,'Dr. John Rodriguez','drjohnrodriguez39@medcare.local','$2y$10$oNaOUVpBf0St.ANOKUEZUuaX5uK.VtlAWwzdFKNu/QXmhIdqzpOEa','555-3006','https://ui-avatars.com/api/?name=Dr.+John+Rodriguez&background=random&size=200','Experienced specialist in Orthopedics with over 5 years of clinical practice. Dedicated to providing compassionate and comprehensive care.',2.9,1,'Downtown Medical Center',750.00),(435,4,'Dr. Richard Martin','drrichardmartin84@medcare.local','$2y$10$oNaOUVpBf0St.ANOKUEZUuaX5uK.VtlAWwzdFKNu/QXmhIdqzpOEa','555-7224','https://ui-avatars.com/api/?name=Dr.+Richard+Martin&background=random&size=200','Experienced specialist in Orthopedics with over 7 years of clinical practice. Dedicated to providing compassionate and comprehensive care.',1.6,0,'Westside Health Hub',600.00),(436,5,'Dr. Robert Jones','drrobertjones21@medcare.local','$2y$10$oNaOUVpBf0St.ANOKUEZUuaX5uK.VtlAWwzdFKNu/QXmhIdqzpOEa','555-7354','https://ui-avatars.com/api/?name=Dr.+Robert+Jones&background=random&size=200','Experienced specialist in Dermatology with over 10 years of clinical practice. Dedicated to providing compassionate and comprehensive care.',5.0,1,'Downtown Medical Center',750.00),(437,5,'Dr. David Brown','drdavidbrown51@medcare.local','$2y$10$oNaOUVpBf0St.ANOKUEZUuaX5uK.VtlAWwzdFKNu/QXmhIdqzpOEa','555-5734','https://ui-avatars.com/api/?name=Dr.+David+Brown&background=random&size=200','Experienced specialist in Dermatology with over 14 years of clinical practice. Dedicated to providing compassionate and comprehensive care.',4.7,0,'Main Clinic',500.00),(438,5,'Dr. Elizabeth Smith','drelizabethsmith30@medcare.local','$2y$10$oNaOUVpBf0St.ANOKUEZUuaX5uK.VtlAWwzdFKNu/QXmhIdqzpOEa','555-5558','https://ui-avatars.com/api/?name=Dr.+Elizabeth+Smith&background=random&size=200','Experienced specialist in Dermatology with over 13 years of clinical practice. Dedicated to providing compassionate and comprehensive care.',4.4,1,'Downtown Medical Center',750.00),(439,5,'Dr. Linda Anderson','drlindaanderson18@medcare.local','$2y$10$oNaOUVpBf0St.ANOKUEZUuaX5uK.VtlAWwzdFKNu/QXmhIdqzpOEa','555-5759','https://ui-avatars.com/api/?name=Dr.+Linda+Anderson&background=random&size=200','Experienced specialist in Dermatology with over 17 years of clinical practice. Dedicated to providing compassionate and comprehensive care.',3.8,0,'Main Clinic',500.00),(440,5,'Dr. John Moore','drjohnmoore71@medcare.local','$2y$10$oNaOUVpBf0St.ANOKUEZUuaX5uK.VtlAWwzdFKNu/QXmhIdqzpOEa','555-1782','https://ui-avatars.com/api/?name=Dr.+John+Moore&background=random&size=200','Experienced specialist in Dermatology with over 22 years of clinical practice. Dedicated to providing compassionate and comprehensive care.',3.0,0,'Downtown Medical Center',750.00),(441,5,'Dr. Thomas Thomas','drthomasthomas74@medcare.local','$2y$10$oNaOUVpBf0St.ANOKUEZUuaX5uK.VtlAWwzdFKNu/QXmhIdqzpOEa','555-3718','https://ui-avatars.com/api/?name=Dr.+Thomas+Thomas&background=random&size=200','Experienced specialist in Dermatology with over 23 years of clinical practice. Dedicated to providing compassionate and comprehensive care.',1.7,1,'Westside Health Hub',600.00),(442,5,'Dr. Elizabeth Taylor','drelizabethtaylor17@medcare.local','$2y$10$oNaOUVpBf0St.ANOKUEZUuaX5uK.VtlAWwzdFKNu/QXmhIdqzpOEa','555-8924','https://ui-avatars.com/api/?name=Dr.+Elizabeth+Taylor&background=random&size=200','Experienced specialist in Dermatology with over 17 years of clinical practice. Dedicated to providing compassionate and comprehensive care.',1.6,0,'Downtown Medical Center',750.00),(443,5,'Dr. Richard Lopez','drrichardlopez71@medcare.local','$2y$10$oNaOUVpBf0St.ANOKUEZUuaX5uK.VtlAWwzdFKNu/QXmhIdqzpOEa','555-9278','https://ui-avatars.com/api/?name=Dr.+Richard+Lopez&background=random&size=200','Experienced specialist in Dermatology with over 17 years of clinical practice. Dedicated to providing compassionate and comprehensive care.',1.3,0,'Main Clinic',500.00),(444,5,'Dr. Patricia Jackson','drpatriciajackson26@medcare.local','$2y$10$oNaOUVpBf0St.ANOKUEZUuaX5uK.VtlAWwzdFKNu/QXmhIdqzpOEa','555-4130','https://ui-avatars.com/api/?name=Dr.+Patricia+Jackson&background=random&size=200','Experienced specialist in Dermatology with over 6 years of clinical practice. Dedicated to providing compassionate and comprehensive care.',1.3,0,'Downtown Medical Center',750.00),(445,6,'Dr. Thomas Rodriguez','drthomasrodriguez24@medcare.local','$2y$10$oNaOUVpBf0St.ANOKUEZUuaX5uK.VtlAWwzdFKNu/QXmhIdqzpOEa','555-2520','https://ui-avatars.com/api/?name=Dr.+Thomas+Rodriguez&background=random&size=200','Experienced specialist in Oncology with over 13 years of clinical practice. Dedicated to providing compassionate and comprehensive care.',4.4,1,'Main Clinic',500.00),(446,6,'Dr. Jessica Thomas','drjessicathomas69@medcare.local','$2y$10$oNaOUVpBf0St.ANOKUEZUuaX5uK.VtlAWwzdFKNu/QXmhIdqzpOEa','555-7686','https://ui-avatars.com/api/?name=Dr.+Jessica+Thomas&background=random&size=200','Experienced specialist in Oncology with over 24 years of clinical practice. Dedicated to providing compassionate and comprehensive care.',4.3,0,'Downtown Medical Center',750.00),(447,6,'Dr. Susan Smith','drsusansmith93@medcare.local','$2y$10$oNaOUVpBf0St.ANOKUEZUuaX5uK.VtlAWwzdFKNu/QXmhIdqzpOEa','555-4435','https://ui-avatars.com/api/?name=Dr.+Susan+Smith&background=random&size=200','Experienced specialist in Oncology with over 23 years of clinical practice. Dedicated to providing compassionate and comprehensive care.',3.9,0,'Westside Health Hub',600.00),(448,6,'Dr. Richard Miller','drrichardmiller31@medcare.local','$2y$10$oNaOUVpBf0St.ANOKUEZUuaX5uK.VtlAWwzdFKNu/QXmhIdqzpOEa','555-7122','https://ui-avatars.com/api/?name=Dr.+Richard+Miller&background=random&size=200','Experienced specialist in Oncology with over 19 years of clinical practice. Dedicated to providing compassionate and comprehensive care.',3.8,1,'Downtown Medical Center',750.00),(449,6,'Dr. Sarah Moore','drsarahmoore12@medcare.local','$2y$10$oNaOUVpBf0St.ANOKUEZUuaX5uK.VtlAWwzdFKNu/QXmhIdqzpOEa','555-6177','https://ui-avatars.com/api/?name=Dr.+Sarah+Moore&background=random&size=200','Experienced specialist in Oncology with over 23 years of clinical practice. Dedicated to providing compassionate and comprehensive care.',3.4,1,'Main Clinic',500.00),(450,6,'Dr. Elizabeth Davis','drelizabethdavis49@medcare.local','$2y$10$oNaOUVpBf0St.ANOKUEZUuaX5uK.VtlAWwzdFKNu/QXmhIdqzpOEa','555-7936','https://ui-avatars.com/api/?name=Dr.+Elizabeth+Davis&background=random&size=200','Experienced specialist in Oncology with over 19 years of clinical practice. Dedicated to providing compassionate and comprehensive care.',2.7,1,'Downtown Medical Center',750.00),(451,6,'Dr. Karen Hernandez','drkarenhernandez55@medcare.local','$2y$10$oNaOUVpBf0St.ANOKUEZUuaX5uK.VtlAWwzdFKNu/QXmhIdqzpOEa','555-1906','https://ui-avatars.com/api/?name=Dr.+Karen+Hernandez&background=random&size=200','Experienced specialist in Oncology with over 6 years of clinical practice. Dedicated to providing compassionate and comprehensive care.',2.4,0,'Main Clinic',500.00),(452,6,'Dr. Robert Martinez','drrobertmartinez52@medcare.local','$2y$10$oNaOUVpBf0St.ANOKUEZUuaX5uK.VtlAWwzdFKNu/QXmhIdqzpOEa','555-2076','https://ui-avatars.com/api/?name=Dr.+Robert+Martinez&background=random&size=200','Experienced specialist in Oncology with over 14 years of clinical practice. Dedicated to providing compassionate and comprehensive care.',2.0,1,'Downtown Medical Center',750.00),(453,6,'Dr. Sarah Moore','drsarahmoore83@medcare.local','$2y$10$oNaOUVpBf0St.ANOKUEZUuaX5uK.VtlAWwzdFKNu/QXmhIdqzpOEa','555-8119','https://ui-avatars.com/api/?name=Dr.+Sarah+Moore&background=random&size=200','Experienced specialist in Oncology with over 21 years of clinical practice. Dedicated to providing compassionate and comprehensive care.',1.7,0,'Westside Health Hub',600.00),(454,6,'Dr. Barbara Martinez','drbarbaramartinez67@medcare.local','$2y$10$oNaOUVpBf0St.ANOKUEZUuaX5uK.VtlAWwzdFKNu/QXmhIdqzpOEa','555-3169','https://ui-avatars.com/api/?name=Dr.+Barbara+Martinez&background=random&size=200','Experienced specialist in Oncology with over 12 years of clinical practice. Dedicated to providing compassionate and comprehensive care.',1.3,0,'Downtown Medical Center',750.00),(455,7,'Dr. John Taylor','drjohntaylor89@medcare.local','$2y$10$oNaOUVpBf0St.ANOKUEZUuaX5uK.VtlAWwzdFKNu/QXmhIdqzpOEa','555-3977','https://ui-avatars.com/api/?name=Dr.+John+Taylor&background=random&size=200','Experienced specialist in Psychiatry with over 23 years of clinical practice. Dedicated to providing compassionate and comprehensive care.',4.6,1,'Main Clinic',500.00),(456,7,'Dr. Sarah Williams','drsarahwilliams49@medcare.local','$2y$10$oNaOUVpBf0St.ANOKUEZUuaX5uK.VtlAWwzdFKNu/QXmhIdqzpOEa','555-4870','https://ui-avatars.com/api/?name=Dr.+Sarah+Williams&background=random&size=200','Experienced specialist in Psychiatry with over 19 years of clinical practice. Dedicated to providing compassionate and comprehensive care.',2.8,0,'Downtown Medical Center',750.00),(457,7,'Dr. John Rodriguez','drjohnrodriguez15@medcare.local','$2y$10$oNaOUVpBf0St.ANOKUEZUuaX5uK.VtlAWwzdFKNu/QXmhIdqzpOEa','555-6638','https://ui-avatars.com/api/?name=Dr.+John+Rodriguez&background=random&size=200','Experienced specialist in Psychiatry with over 8 years of clinical practice. Dedicated to providing compassionate and comprehensive care.',2.8,0,'Main Clinic',500.00),(458,7,'Dr. Karen Rodriguez','drkarenrodriguez21@medcare.local','$2y$10$oNaOUVpBf0St.ANOKUEZUuaX5uK.VtlAWwzdFKNu/QXmhIdqzpOEa','555-9545','https://ui-avatars.com/api/?name=Dr.+Karen+Rodriguez&background=random&size=200','Experienced specialist in Psychiatry with over 21 years of clinical practice. Dedicated to providing compassionate and comprehensive care.',2.4,0,'Downtown Medical Center',750.00),(459,7,'Dr. Barbara Rodriguez','drbarbararodriguez84@medcare.local','$2y$10$oNaOUVpBf0St.ANOKUEZUuaX5uK.VtlAWwzdFKNu/QXmhIdqzpOEa','555-3489','https://ui-avatars.com/api/?name=Dr.+Barbara+Rodriguez&background=random&size=200','Experienced specialist in Psychiatry with over 23 years of clinical practice. Dedicated to providing compassionate and comprehensive care.',2.0,1,'Westside Health Hub',600.00),(460,7,'Dr. Susan Williams','drsusanwilliams38@medcare.local','$2y$10$oNaOUVpBf0St.ANOKUEZUuaX5uK.VtlAWwzdFKNu/QXmhIdqzpOEa','555-5083','https://ui-avatars.com/api/?name=Dr.+Susan+Williams&background=random&size=200','Experienced specialist in Psychiatry with over 25 years of clinical practice. Dedicated to providing compassionate and comprehensive care.',2.0,1,'Downtown Medical Center',750.00),(461,7,'Dr. James Gonzalez','drjamesgonzalez78@medcare.local','$2y$10$oNaOUVpBf0St.ANOKUEZUuaX5uK.VtlAWwzdFKNu/QXmhIdqzpOEa','555-5914','https://ui-avatars.com/api/?name=Dr.+James+Gonzalez&background=random&size=200','Experienced specialist in Psychiatry with over 25 years of clinical practice. Dedicated to providing compassionate and comprehensive care.',1.4,1,'Main Clinic',500.00),(462,7,'Dr. Richard Brown','drrichardbrown97@medcare.local','$2y$10$oNaOUVpBf0St.ANOKUEZUuaX5uK.VtlAWwzdFKNu/QXmhIdqzpOEa','555-7764','https://ui-avatars.com/api/?name=Dr.+Richard+Brown&background=random&size=200','Experienced specialist in Psychiatry with over 8 years of clinical practice. Dedicated to providing compassionate and comprehensive care.',1.1,0,'Downtown Medical Center',750.00),(463,8,'Dr. Susan Lopez','drsusanlopez86@medcare.local','$2y$10$oNaOUVpBf0St.ANOKUEZUuaX5uK.VtlAWwzdFKNu/QXmhIdqzpOEa','555-9404','https://ui-avatars.com/api/?name=Dr.+Susan+Lopez&background=random&size=200','Experienced specialist in Gastroenterology with over 8 years of clinical practice. Dedicated to providing compassionate and comprehensive care.',4.6,1,'Main Clinic',500.00),(464,8,'Dr. Michael Williams','drmichaelwilliams16@medcare.local','$2y$10$oNaOUVpBf0St.ANOKUEZUuaX5uK.VtlAWwzdFKNu/QXmhIdqzpOEa','555-2030','https://ui-avatars.com/api/?name=Dr.+Michael+Williams&background=random&size=200','Experienced specialist in Gastroenterology with over 19 years of clinical practice. Dedicated to providing compassionate and comprehensive care.',3.1,0,'Downtown Medical Center',750.00),(465,8,'Dr. Richard Johnson','drrichardjohnson89@medcare.local','$2y$10$oNaOUVpBf0St.ANOKUEZUuaX5uK.VtlAWwzdFKNu/QXmhIdqzpOEa','555-2719','https://ui-avatars.com/api/?name=Dr.+Richard+Johnson&background=random&size=200','Experienced specialist in Gastroenterology with over 7 years of clinical practice. Dedicated to providing compassionate and comprehensive care.',3.0,0,'Westside Health Hub',600.00),(466,8,'Dr. Richard Jackson','drrichardjackson71@medcare.local','$2y$10$oNaOUVpBf0St.ANOKUEZUuaX5uK.VtlAWwzdFKNu/QXmhIdqzpOEa','555-9930','https://ui-avatars.com/api/?name=Dr.+Richard+Jackson&background=random&size=200','Experienced specialist in Gastroenterology with over 14 years of clinical practice. Dedicated to providing compassionate and comprehensive care.',2.9,1,'Downtown Medical Center',750.00),(467,8,'Dr. Joseph Wilson','drjosephwilson14@medcare.local','$2y$10$oNaOUVpBf0St.ANOKUEZUuaX5uK.VtlAWwzdFKNu/QXmhIdqzpOEa','555-0267','https://ui-avatars.com/api/?name=Dr.+Joseph+Wilson&background=random&size=200','Experienced specialist in Gastroenterology with over 23 years of clinical practice. Dedicated to providing compassionate and comprehensive care.',2.8,0,'Main Clinic',500.00),(468,8,'Dr. Sarah Garcia','drsarahgarcia50@medcare.local','$2y$10$oNaOUVpBf0St.ANOKUEZUuaX5uK.VtlAWwzdFKNu/QXmhIdqzpOEa','555-1018','https://ui-avatars.com/api/?name=Dr.+Sarah+Garcia&background=random&size=200','Experienced specialist in Gastroenterology with over 13 years of clinical practice. Dedicated to providing compassionate and comprehensive care.',2.8,0,'Downtown Medical Center',750.00),(469,8,'Dr. Michael Wilson','drmichaelwilson30@medcare.local','$2y$10$oNaOUVpBf0St.ANOKUEZUuaX5uK.VtlAWwzdFKNu/QXmhIdqzpOEa','555-7353','https://ui-avatars.com/api/?name=Dr.+Michael+Wilson&background=random&size=200','Experienced specialist in Gastroenterology with over 14 years of clinical practice. Dedicated to providing compassionate and comprehensive care.',1.9,0,'Main Clinic',500.00),(470,8,'Dr. James Miller','drjamesmiller53@medcare.local','$2y$10$oNaOUVpBf0St.ANOKUEZUuaX5uK.VtlAWwzdFKNu/QXmhIdqzpOEa','555-0104','https://ui-avatars.com/api/?name=Dr.+James+Miller&background=random&size=200','Experienced specialist in Gastroenterology with over 23 years of clinical practice. Dedicated to providing compassionate and comprehensive care.',1.3,1,'Downtown Medical Center',750.00),(471,8,'Dr. Linda Taylor','drlindataylor21@medcare.local','$2y$10$oNaOUVpBf0St.ANOKUEZUuaX5uK.VtlAWwzdFKNu/QXmhIdqzpOEa','555-7425','https://ui-avatars.com/api/?name=Dr.+Linda+Taylor&background=random&size=200','Experienced specialist in Gastroenterology with over 25 years of clinical practice. Dedicated to providing compassionate and comprehensive care.',1.1,0,'Westside Health Hub',600.00),(472,8,'Dr. Patricia Davis','drpatriciadavis12@medcare.local','$2y$10$oNaOUVpBf0St.ANOKUEZUuaX5uK.VtlAWwzdFKNu/QXmhIdqzpOEa','555-3387','https://ui-avatars.com/api/?name=Dr.+Patricia+Davis&background=random&size=200','Experienced specialist in Gastroenterology with over 21 years of clinical practice. Dedicated to providing compassionate and comprehensive care.',1.0,0,'Downtown Medical Center',750.00),(473,9,'Dr. Robert Davis','drrobertdavis13@medcare.local','$2y$10$oNaOUVpBf0St.ANOKUEZUuaX5uK.VtlAWwzdFKNu/QXmhIdqzpOEa','555-0832','https://ui-avatars.com/api/?name=Dr.+Robert+Davis&background=random&size=200','Experienced specialist in Endocrinology with over 6 years of clinical practice. Dedicated to providing compassionate and comprehensive care.',5.0,1,'Main Clinic',500.00),(474,9,'Dr. Barbara Thomas','drbarbarathomas85@medcare.local','$2y$10$oNaOUVpBf0St.ANOKUEZUuaX5uK.VtlAWwzdFKNu/QXmhIdqzpOEa','555-0247','https://ui-avatars.com/api/?name=Dr.+Barbara+Thomas&background=random&size=200','Experienced specialist in Endocrinology with over 12 years of clinical practice. Dedicated to providing compassionate and comprehensive care.',4.9,0,'Downtown Medical Center',750.00),(475,9,'Dr. James Lopez','drjameslopez93@medcare.local','$2y$10$oNaOUVpBf0St.ANOKUEZUuaX5uK.VtlAWwzdFKNu/QXmhIdqzpOEa','555-8788','https://ui-avatars.com/api/?name=Dr.+James+Lopez&background=random&size=200','Experienced specialist in Endocrinology with over 13 years of clinical practice. Dedicated to providing compassionate and comprehensive care.',4.8,0,'Main Clinic',500.00),(476,9,'Dr. Jessica Martinez','drjessicamartinez79@medcare.local','$2y$10$oNaOUVpBf0St.ANOKUEZUuaX5uK.VtlAWwzdFKNu/QXmhIdqzpOEa','555-6251','https://ui-avatars.com/api/?name=Dr.+Jessica+Martinez&background=random&size=200','Experienced specialist in Endocrinology with over 16 years of clinical practice. Dedicated to providing compassionate and comprehensive care.',4.3,1,'Downtown Medical Center',750.00),(477,9,'Dr. Charles Garcia','drcharlesgarcia68@medcare.local','$2y$10$oNaOUVpBf0St.ANOKUEZUuaX5uK.VtlAWwzdFKNu/QXmhIdqzpOEa','555-0612','https://ui-avatars.com/api/?name=Dr.+Charles+Garcia&background=random&size=200','Experienced specialist in Endocrinology with over 6 years of clinical practice. Dedicated to providing compassionate and comprehensive care.',3.8,0,'Westside Health Hub',600.00),(478,9,'Dr. Susan Garcia','drsusangarcia51@medcare.local','$2y$10$oNaOUVpBf0St.ANOKUEZUuaX5uK.VtlAWwzdFKNu/QXmhIdqzpOEa','555-5991','https://ui-avatars.com/api/?name=Dr.+Susan+Garcia&background=random&size=200','Experienced specialist in Endocrinology with over 21 years of clinical practice. Dedicated to providing compassionate and comprehensive care.',3.6,1,'Downtown Medical Center',750.00),(479,9,'Dr. Thomas Hernandez','drthomashernandez16@medcare.local','$2y$10$oNaOUVpBf0St.ANOKUEZUuaX5uK.VtlAWwzdFKNu/QXmhIdqzpOEa','555-3867','https://ui-avatars.com/api/?name=Dr.+Thomas+Hernandez&background=random&size=200','Experienced specialist in Endocrinology with over 21 years of clinical practice. Dedicated to providing compassionate and comprehensive care.',3.5,1,'Main Clinic',500.00),(480,9,'Dr. Joseph Moore','drjosephmoore80@medcare.local','$2y$10$oNaOUVpBf0St.ANOKUEZUuaX5uK.VtlAWwzdFKNu/QXmhIdqzpOEa','555-0141','https://ui-avatars.com/api/?name=Dr.+Joseph+Moore&background=random&size=200','Experienced specialist in Endocrinology with over 10 years of clinical practice. Dedicated to providing compassionate and comprehensive care.',2.6,1,'Downtown Medical Center',750.00),(481,9,'Dr. Elizabeth Jones','drelizabethjones92@medcare.local','$2y$10$oNaOUVpBf0St.ANOKUEZUuaX5uK.VtlAWwzdFKNu/QXmhIdqzpOEa','555-9957','https://ui-avatars.com/api/?name=Dr.+Elizabeth+Jones&background=random&size=200','Experienced specialist in Endocrinology with over 8 years of clinical practice. Dedicated to providing compassionate and comprehensive care.',1.9,0,'Main Clinic',500.00),(482,9,'Dr. Elizabeth Garcia','drelizabethgarcia86@medcare.local','$2y$10$oNaOUVpBf0St.ANOKUEZUuaX5uK.VtlAWwzdFKNu/QXmhIdqzpOEa','555-6079','https://ui-avatars.com/api/?name=Dr.+Elizabeth+Garcia&background=random&size=200','Experienced specialist in Endocrinology with over 7 years of clinical practice. Dedicated to providing compassionate and comprehensive care.',1.1,0,'Downtown Medical Center',750.00),(483,10,'Dr. Barbara Johnson','drbarbarajohnson40@medcare.local','$2y$10$oNaOUVpBf0St.ANOKUEZUuaX5uK.VtlAWwzdFKNu/QXmhIdqzpOEa','555-0783','https://ui-avatars.com/api/?name=Dr.+Barbara+Johnson&background=random&size=200','Experienced specialist in Ophthalmology with over 11 years of clinical practice. Dedicated to providing compassionate and comprehensive care.',4.6,1,'Westside Health Hub',600.00),(484,10,'Dr. James Rodriguez','drjamesrodriguez17@medcare.local','$2y$10$oNaOUVpBf0St.ANOKUEZUuaX5uK.VtlAWwzdFKNu/QXmhIdqzpOEa','555-4588','https://ui-avatars.com/api/?name=Dr.+James+Rodriguez&background=random&size=200','Experienced specialist in Ophthalmology with over 14 years of clinical practice. Dedicated to providing compassionate and comprehensive care.',4.2,1,'Downtown Medical Center',750.00),(485,10,'Dr. Charles Lopez','drcharleslopez62@medcare.local','$2y$10$oNaOUVpBf0St.ANOKUEZUuaX5uK.VtlAWwzdFKNu/QXmhIdqzpOEa','555-1057','https://ui-avatars.com/api/?name=Dr.+Charles+Lopez&background=random&size=200','Experienced specialist in Ophthalmology with over 9 years of clinical practice. Dedicated to providing compassionate and comprehensive care.',3.9,0,'Main Clinic',500.00),(486,10,'Dr. Jessica Martin','drjessicamartin85@medcare.local','$2y$10$oNaOUVpBf0St.ANOKUEZUuaX5uK.VtlAWwzdFKNu/QXmhIdqzpOEa','555-4118','https://ui-avatars.com/api/?name=Dr.+Jessica+Martin&background=random&size=200','Experienced specialist in Ophthalmology with over 15 years of clinical practice. Dedicated to providing compassionate and comprehensive care.',2.7,1,'Downtown Medical Center',750.00),(487,10,'Dr. Elizabeth Anderson','drelizabethanderson22@medcare.local','$2y$10$oNaOUVpBf0St.ANOKUEZUuaX5uK.VtlAWwzdFKNu/QXmhIdqzpOEa','555-1843','https://ui-avatars.com/api/?name=Dr.+Elizabeth+Anderson&background=random&size=200','Experienced specialist in Ophthalmology with over 22 years of clinical practice. Dedicated to providing compassionate and comprehensive care.',2.2,0,'Main Clinic',500.00),(488,10,'Dr. Thomas Rodriguez','drthomasrodriguez43@medcare.local','$2y$10$oNaOUVpBf0St.ANOKUEZUuaX5uK.VtlAWwzdFKNu/QXmhIdqzpOEa','555-5607','https://ui-avatars.com/api/?name=Dr.+Thomas+Rodriguez&background=random&size=200','Experienced specialist in Ophthalmology with over 7 years of clinical practice. Dedicated to providing compassionate and comprehensive care.',2.0,0,'Downtown Medical Center',750.00),(489,10,'Dr. Linda Lopez','drlindalopez53@medcare.local','$2y$10$oNaOUVpBf0St.ANOKUEZUuaX5uK.VtlAWwzdFKNu/QXmhIdqzpOEa','555-6290','https://ui-avatars.com/api/?name=Dr.+Linda+Lopez&background=random&size=200','Experienced specialist in Ophthalmology with over 24 years of clinical practice. Dedicated to providing compassionate and comprehensive care.',1.8,0,'Westside Health Hub',600.00),(490,10,'Dr. Jennifer Brown','drjenniferbrown96@medcare.local','$2y$10$oNaOUVpBf0St.ANOKUEZUuaX5uK.VtlAWwzdFKNu/QXmhIdqzpOEa','555-6335','https://ui-avatars.com/api/?name=Dr.+Jennifer+Brown&background=random&size=200','Experienced specialist in Ophthalmology with over 21 years of clinical practice. Dedicated to providing compassionate and comprehensive care.',1.3,1,'Downtown Medical Center',750.00),(491,11,'Dr. Jennifer Wilson','drjenniferwilson15@medcare.local','$2y$10$oNaOUVpBf0St.ANOKUEZUuaX5uK.VtlAWwzdFKNu/QXmhIdqzpOEa','555-3514','https://ui-avatars.com/api/?name=Dr.+Jennifer+Wilson&background=random&size=200','Experienced specialist in Urology with over 17 years of clinical practice. Dedicated to providing compassionate and comprehensive care.',5.0,1,'Main Clinic',500.00),(492,11,'Dr. James Wilson','drjameswilson78@medcare.local','$2y$10$oNaOUVpBf0St.ANOKUEZUuaX5uK.VtlAWwzdFKNu/QXmhIdqzpOEa','555-1280','https://ui-avatars.com/api/?name=Dr.+James+Wilson&background=random&size=200','Experienced specialist in Urology with over 7 years of clinical practice. Dedicated to providing compassionate and comprehensive care.',4.2,0,'Downtown Medical Center',750.00),(493,11,'Dr. James Smith','drjamessmith25@medcare.local','$2y$10$oNaOUVpBf0St.ANOKUEZUuaX5uK.VtlAWwzdFKNu/QXmhIdqzpOEa','555-9987','https://ui-avatars.com/api/?name=Dr.+James+Smith&background=random&size=200','Experienced specialist in Urology with over 25 years of clinical practice. Dedicated to providing compassionate and comprehensive care.',3.7,0,'Main Clinic',500.00),(494,11,'Dr. John Williams','drjohnwilliams31@medcare.local','$2y$10$oNaOUVpBf0St.ANOKUEZUuaX5uK.VtlAWwzdFKNu/QXmhIdqzpOEa','555-6384','https://ui-avatars.com/api/?name=Dr.+John+Williams&background=random&size=200','Experienced specialist in Urology with over 25 years of clinical practice. Dedicated to providing compassionate and comprehensive care.',3.2,0,'Downtown Medical Center',750.00),(495,11,'Dr. William Wilson','drwilliamwilson35@medcare.local','$2y$10$oNaOUVpBf0St.ANOKUEZUuaX5uK.VtlAWwzdFKNu/QXmhIdqzpOEa','555-6522','https://ui-avatars.com/api/?name=Dr.+William+Wilson&background=random&size=200','Experienced specialist in Urology with over 22 years of clinical practice. Dedicated to providing compassionate and comprehensive care.',2.8,1,'Westside Health Hub',600.00),(496,11,'Dr. Elizabeth Martinez','drelizabethmartinez99@medcare.local','$2y$10$oNaOUVpBf0St.ANOKUEZUuaX5uK.VtlAWwzdFKNu/QXmhIdqzpOEa','555-7015','https://ui-avatars.com/api/?name=Dr.+Elizabeth+Martinez&background=random&size=200','Experienced specialist in Urology with over 24 years of clinical practice. Dedicated to providing compassionate and comprehensive care.',1.8,1,'Downtown Medical Center',750.00),(497,11,'Dr. David Brown','drdavidbrown69@medcare.local','$2y$10$oNaOUVpBf0St.ANOKUEZUuaX5uK.VtlAWwzdFKNu/QXmhIdqzpOEa','555-9289','https://ui-avatars.com/api/?name=Dr.+David+Brown&background=random&size=200','Experienced specialist in Urology with over 20 years of clinical practice. Dedicated to providing compassionate and comprehensive care.',1.5,1,'Main Clinic',500.00),(498,12,'Dr. Karen Wilson','drkarenwilson99@medcare.local','$2y$10$oNaOUVpBf0St.ANOKUEZUuaX5uK.VtlAWwzdFKNu/QXmhIdqzpOEa','555-5936','https://ui-avatars.com/api/?name=Dr.+Karen+Wilson&background=random&size=200','Experienced specialist in Gynecology with over 6 years of clinical practice. Dedicated to providing compassionate and comprehensive care.',4.1,1,'Downtown Medical Center',750.00),(499,12,'Dr. Linda Hernandez','drlindahernandez68@medcare.local','$2y$10$oNaOUVpBf0St.ANOKUEZUuaX5uK.VtlAWwzdFKNu/QXmhIdqzpOEa','555-5796','https://ui-avatars.com/api/?name=Dr.+Linda+Hernandez&background=random&size=200','Experienced specialist in Gynecology with over 16 years of clinical practice. Dedicated to providing compassionate and comprehensive care.',3.6,0,'Main Clinic',500.00),(500,12,'Dr. Susan Garcia','drsusangarcia57@medcare.local','$2y$10$oNaOUVpBf0St.ANOKUEZUuaX5uK.VtlAWwzdFKNu/QXmhIdqzpOEa','555-1500','https://ui-avatars.com/api/?name=Dr.+Susan+Garcia&background=random&size=200','Experienced specialist in Gynecology with over 6 years of clinical practice. Dedicated to providing compassionate and comprehensive care.',3.3,1,'Downtown Medical Center',750.00),(501,12,'Dr. Sarah Johnson','drsarahjohnson28@medcare.local','$2y$10$oNaOUVpBf0St.ANOKUEZUuaX5uK.VtlAWwzdFKNu/QXmhIdqzpOEa','555-9575','https://ui-avatars.com/api/?name=Dr.+Sarah+Johnson&background=random&size=200','Experienced specialist in Gynecology with over 14 years of clinical practice. Dedicated to providing compassionate and comprehensive care.',2.8,1,'Westside Health Hub',600.00),(502,12,'Dr. Linda Garcia','drlindagarcia54@medcare.local','$2y$10$oNaOUVpBf0St.ANOKUEZUuaX5uK.VtlAWwzdFKNu/QXmhIdqzpOEa','555-7273','https://ui-avatars.com/api/?name=Dr.+Linda+Garcia&background=random&size=200','Experienced specialist in Gynecology with over 17 years of clinical practice. Dedicated to providing compassionate and comprehensive care.',2.2,0,'Downtown Medical Center',750.00),(503,12,'Dr. Michael Brown','drmichaelbrown88@medcare.local','$2y$10$oNaOUVpBf0St.ANOKUEZUuaX5uK.VtlAWwzdFKNu/QXmhIdqzpOEa','555-4852','https://ui-avatars.com/api/?name=Dr.+Michael+Brown&background=random&size=200','Experienced specialist in Gynecology with over 22 years of clinical practice. Dedicated to providing compassionate and comprehensive care.',2.0,1,'Main Clinic',500.00),(504,12,'Dr. David Davis','drdaviddavis34@medcare.local','$2y$10$oNaOUVpBf0St.ANOKUEZUuaX5uK.VtlAWwzdFKNu/QXmhIdqzpOEa','555-0910','https://ui-avatars.com/api/?name=Dr.+David+Davis&background=random&size=200','Experienced specialist in Gynecology with over 23 years of clinical practice. Dedicated to providing compassionate and comprehensive care.',1.6,0,'Downtown Medical Center',750.00),(505,12,'Dr. Linda Garcia','drlindagarcia44@medcare.local','$2y$10$oNaOUVpBf0St.ANOKUEZUuaX5uK.VtlAWwzdFKNu/QXmhIdqzpOEa','555-8992','https://ui-avatars.com/api/?name=Dr.+Linda+Garcia&background=random&size=200','Experienced specialist in Gynecology with over 22 years of clinical practice. Dedicated to providing compassionate and comprehensive care.',1.2,0,'Main Clinic',500.00),(506,13,'Dr. William Garcia','drwilliamgarcia10@medcare.local','$2y$10$oNaOUVpBf0St.ANOKUEZUuaX5uK.VtlAWwzdFKNu/QXmhIdqzpOEa','555-4355','https://ui-avatars.com/api/?name=Dr.+William+Garcia&background=random&size=200','Experienced specialist in Pulmonology with over 6 years of clinical practice. Dedicated to providing compassionate and comprehensive care.',2.4,1,'Downtown Medical Center',750.00),(507,13,'Dr. Thomas Brown','drthomasbrown52@medcare.local','$2y$10$oNaOUVpBf0St.ANOKUEZUuaX5uK.VtlAWwzdFKNu/QXmhIdqzpOEa','555-5098','https://ui-avatars.com/api/?name=Dr.+Thomas+Brown&background=random&size=200','Experienced specialist in Pulmonology with over 5 years of clinical practice. Dedicated to providing compassionate and comprehensive care.',2.2,0,'Westside Health Hub',600.00),(508,13,'Dr. James Anderson','drjamesanderson86@medcare.local','$2y$10$oNaOUVpBf0St.ANOKUEZUuaX5uK.VtlAWwzdFKNu/QXmhIdqzpOEa','555-5827','https://ui-avatars.com/api/?name=Dr.+James+Anderson&background=random&size=200','Experienced specialist in Pulmonology with over 17 years of clinical practice. Dedicated to providing compassionate and comprehensive care.',1.9,1,'Downtown Medical Center',750.00),(509,13,'Dr. William Thomas','drwilliamthomas12@medcare.local','$2y$10$oNaOUVpBf0St.ANOKUEZUuaX5uK.VtlAWwzdFKNu/QXmhIdqzpOEa','555-2394','https://ui-avatars.com/api/?name=Dr.+William+Thomas&background=random&size=200','Experienced specialist in Pulmonology with over 20 years of clinical practice. Dedicated to providing compassionate and comprehensive care.',1.8,0,'Main Clinic',500.00),(510,13,'Dr. Karen Thomas','drkarenthomas76@medcare.local','$2y$10$oNaOUVpBf0St.ANOKUEZUuaX5uK.VtlAWwzdFKNu/QXmhIdqzpOEa','555-1743','https://ui-avatars.com/api/?name=Dr.+Karen+Thomas&background=random&size=200','Experienced specialist in Pulmonology with over 21 years of clinical practice. Dedicated to providing compassionate and comprehensive care.',1.4,0,'Downtown Medical Center',750.00),(511,13,'Dr. Mary Thomas','drmarythomas12@medcare.local','$2y$10$oNaOUVpBf0St.ANOKUEZUuaX5uK.VtlAWwzdFKNu/QXmhIdqzpOEa','555-4018','https://ui-avatars.com/api/?name=Dr.+Mary+Thomas&background=random&size=200','Experienced specialist in Pulmonology with over 6 years of clinical practice. Dedicated to providing compassionate and comprehensive care.',1.2,1,'Main Clinic',500.00),(512,13,'Dr. Mary Moore','drmarymoore27@medcare.local','$2y$10$oNaOUVpBf0St.ANOKUEZUuaX5uK.VtlAWwzdFKNu/QXmhIdqzpOEa','555-5075','https://ui-avatars.com/api/?name=Dr.+Mary+Moore&background=random&size=200','Experienced specialist in Pulmonology with over 7 years of clinical practice. Dedicated to providing compassionate and comprehensive care.',1.1,0,'Downtown Medical Center',750.00),(513,14,'Dr. Michael Lopez','drmichaellopez13@medcare.local','$2y$10$oNaOUVpBf0St.ANOKUEZUuaX5uK.VtlAWwzdFKNu/QXmhIdqzpOEa','555-4607','https://ui-avatars.com/api/?name=Dr.+Michael+Lopez&background=random&size=200','Experienced specialist in Rheumatology with over 24 years of clinical practice. Dedicated to providing compassionate and comprehensive care.',3.7,1,'Westside Health Hub',600.00),(514,14,'Dr. Patricia Jones','drpatriciajones16@medcare.local','$2y$10$oNaOUVpBf0St.ANOKUEZUuaX5uK.VtlAWwzdFKNu/QXmhIdqzpOEa','555-0953','https://ui-avatars.com/api/?name=Dr.+Patricia+Jones&background=random&size=200','Experienced specialist in Rheumatology with over 19 years of clinical practice. Dedicated to providing compassionate and comprehensive care.',3.3,0,'Downtown Medical Center',750.00),(515,14,'Dr. David Brown','drdavidbrown22@medcare.local','$2y$10$oNaOUVpBf0St.ANOKUEZUuaX5uK.VtlAWwzdFKNu/QXmhIdqzpOEa','555-9799','https://ui-avatars.com/api/?name=Dr.+David+Brown&background=random&size=200','Experienced specialist in Rheumatology with over 20 years of clinical practice. Dedicated to providing compassionate and comprehensive care.',3.0,0,'Main Clinic',500.00),(516,14,'Dr. Jennifer Rodriguez','drjenniferrodriguez62@medcare.local','$2y$10$oNaOUVpBf0St.ANOKUEZUuaX5uK.VtlAWwzdFKNu/QXmhIdqzpOEa','555-2053','https://ui-avatars.com/api/?name=Dr.+Jennifer+Rodriguez&background=random&size=200','Experienced specialist in Rheumatology with over 6 years of clinical practice. Dedicated to providing compassionate and comprehensive care.',2.3,0,'Downtown Medical Center',750.00),(517,14,'Dr. Elizabeth Williams','drelizabethwilliams79@medcare.local','$2y$10$oNaOUVpBf0St.ANOKUEZUuaX5uK.VtlAWwzdFKNu/QXmhIdqzpOEa','555-6910','https://ui-avatars.com/api/?name=Dr.+Elizabeth+Williams&background=random&size=200','Experienced specialist in Rheumatology with over 21 years of clinical practice. Dedicated to providing compassionate and comprehensive care.',2.1,1,'Main Clinic',500.00),(518,14,'Dr. Patricia Rodriguez','drpatriciarodriguez23@medcare.local','$2y$10$oNaOUVpBf0St.ANOKUEZUuaX5uK.VtlAWwzdFKNu/QXmhIdqzpOEa','555-1051','https://ui-avatars.com/api/?name=Dr.+Patricia+Rodriguez&background=random&size=200','Experienced specialist in Rheumatology with over 19 years of clinical practice. Dedicated to providing compassionate and comprehensive care.',1.7,0,'Downtown Medical Center',750.00),(519,14,'Dr. Jessica Wilson','drjessicawilson82@medcare.local','$2y$10$oNaOUVpBf0St.ANOKUEZUuaX5uK.VtlAWwzdFKNu/QXmhIdqzpOEa','555-8844','https://ui-avatars.com/api/?name=Dr.+Jessica+Wilson&background=random&size=200','Experienced specialist in Rheumatology with over 22 years of clinical practice. Dedicated to providing compassionate and comprehensive care.',1.4,0,'Westside Health Hub',600.00),(520,14,'Dr. Robert Hernandez','drroberthernandez58@medcare.local','$2y$10$oNaOUVpBf0St.ANOKUEZUuaX5uK.VtlAWwzdFKNu/QXmhIdqzpOEa','555-0862','https://ui-avatars.com/api/?name=Dr.+Robert+Hernandez&background=random&size=200','Experienced specialist in Rheumatology with over 23 years of clinical practice. Dedicated to providing compassionate and comprehensive care.',1.2,1,'Downtown Medical Center',750.00),(521,14,'Dr. Jennifer Hernandez','drjenniferhernandez75@medcare.local','$2y$10$oNaOUVpBf0St.ANOKUEZUuaX5uK.VtlAWwzdFKNu/QXmhIdqzpOEa','555-4086','https://ui-avatars.com/api/?name=Dr.+Jennifer+Hernandez&background=random&size=200','Experienced specialist in Rheumatology with over 13 years of clinical practice. Dedicated to providing compassionate and comprehensive care.',1.1,0,'Main Clinic',500.00),(522,15,'Dr. Sarah Anderson','drsarahanderson16@medcare.local','$2y$10$oNaOUVpBf0St.ANOKUEZUuaX5uK.VtlAWwzdFKNu/QXmhIdqzpOEa','555-8423','https://ui-avatars.com/api/?name=Dr.+Sarah+Anderson&background=random&size=200','Experienced specialist in Nephrology with over 6 years of clinical practice. Dedicated to providing compassionate and comprehensive care.',4.5,1,'Downtown Medical Center',750.00),(523,15,'Dr. William Williams','drwilliamwilliams60@medcare.local','$2y$10$oNaOUVpBf0St.ANOKUEZUuaX5uK.VtlAWwzdFKNu/QXmhIdqzpOEa','555-5072','https://ui-avatars.com/api/?name=Dr.+William+Williams&background=random&size=200','Experienced specialist in Nephrology with over 11 years of clinical practice. Dedicated to providing compassionate and comprehensive care.',3.4,0,'Main Clinic',500.00),(524,15,'Dr. Jennifer Jones','drjenniferjones85@medcare.local','$2y$10$oNaOUVpBf0St.ANOKUEZUuaX5uK.VtlAWwzdFKNu/QXmhIdqzpOEa','555-7621','https://ui-avatars.com/api/?name=Dr.+Jennifer+Jones&background=random&size=200','Experienced specialist in Nephrology with over 15 years of clinical practice. Dedicated to providing compassionate and comprehensive care.',3.1,0,'Downtown Medical Center',750.00),(525,15,'Dr. John Miller','drjohnmiller40@medcare.local','$2y$10$oNaOUVpBf0St.ANOKUEZUuaX5uK.VtlAWwzdFKNu/QXmhIdqzpOEa','555-6636','https://ui-avatars.com/api/?name=Dr.+John+Miller&background=random&size=200','Experienced specialist in Nephrology with over 8 years of clinical practice. Dedicated to providing compassionate and comprehensive care.',2.6,1,'Westside Health Hub',600.00),(526,15,'Dr. James Thomas','drjamesthomas53@medcare.local','$2y$10$oNaOUVpBf0St.ANOKUEZUuaX5uK.VtlAWwzdFKNu/QXmhIdqzpOEa','555-4068','https://ui-avatars.com/api/?name=Dr.+James+Thomas&background=random&size=200','Experienced specialist in Nephrology with over 18 years of clinical practice. Dedicated to providing compassionate and comprehensive care.',2.3,1,'Downtown Medical Center',750.00),(527,15,'Dr. Linda Moore','drlindamoore18@medcare.local','$2y$10$oNaOUVpBf0St.ANOKUEZUuaX5uK.VtlAWwzdFKNu/QXmhIdqzpOEa','555-7417','https://ui-avatars.com/api/?name=Dr.+Linda+Moore&background=random&size=200','Experienced specialist in Nephrology with over 25 years of clinical practice. Dedicated to providing compassionate and comprehensive care.',1.7,1,'Main Clinic',500.00),(528,15,'Dr. Barbara Miller','drbarbaramiller42@medcare.local','$2y$10$oNaOUVpBf0St.ANOKUEZUuaX5uK.VtlAWwzdFKNu/QXmhIdqzpOEa','555-1430','https://ui-avatars.com/api/?name=Dr.+Barbara+Miller&background=random&size=200','Experienced specialist in Nephrology with over 6 years of clinical practice. Dedicated to providing compassionate and comprehensive care.',1.6,0,'Downtown Medical Center',750.00),(529,16,'Dr. Michael Martinez','drmichaelmartinez29@medcare.local','$2y$10$oNaOUVpBf0St.ANOKUEZUuaX5uK.VtlAWwzdFKNu/QXmhIdqzpOEa','555-3488','https://ui-avatars.com/api/?name=Dr.+Michael+Martinez&background=random&size=200','Experienced specialist in Otolaryngology (ENT) with over 15 years of clinical practice. Dedicated to providing compassionate and comprehensive care.',4.8,1,'Main Clinic',500.00),(530,16,'Dr. David Lopez','drdavidlopez30@medcare.local','$2y$10$oNaOUVpBf0St.ANOKUEZUuaX5uK.VtlAWwzdFKNu/QXmhIdqzpOEa','555-4023','https://ui-avatars.com/api/?name=Dr.+David+Lopez&background=random&size=200','Experienced specialist in Otolaryngology (ENT) with over 21 years of clinical practice. Dedicated to providing compassionate and comprehensive care.',4.7,0,'Downtown Medical Center',750.00),(531,16,'Dr. John Hernandez','drjohnhernandez19@medcare.local','$2y$10$oNaOUVpBf0St.ANOKUEZUuaX5uK.VtlAWwzdFKNu/QXmhIdqzpOEa','555-5770','https://ui-avatars.com/api/?name=Dr.+John+Hernandez&background=random&size=200','Experienced specialist in Otolaryngology (ENT) with over 25 years of clinical practice. Dedicated to providing compassionate and comprehensive care.',4.6,0,'Westside Health Hub',600.00),(532,16,'Dr. Robert Lopez','drrobertlopez38@medcare.local','$2y$10$oNaOUVpBf0St.ANOKUEZUuaX5uK.VtlAWwzdFKNu/QXmhIdqzpOEa','555-4864','https://ui-avatars.com/api/?name=Dr.+Robert+Lopez&background=random&size=200','Experienced specialist in Otolaryngology (ENT) with over 19 years of clinical practice. Dedicated to providing compassionate and comprehensive care.',4.2,1,'Downtown Medical Center',750.00),(533,16,'Dr. Richard Jackson','drrichardjackson58@medcare.local','$2y$10$oNaOUVpBf0St.ANOKUEZUuaX5uK.VtlAWwzdFKNu/QXmhIdqzpOEa','555-9179','https://ui-avatars.com/api/?name=Dr.+Richard+Jackson&background=random&size=200','Experienced specialist in Otolaryngology (ENT) with over 8 years of clinical practice. Dedicated to providing compassionate and comprehensive care.',4.0,1,'Main Clinic',500.00),(534,16,'Dr. Thomas Martin','drthomasmartin36@medcare.local','$2y$10$oNaOUVpBf0St.ANOKUEZUuaX5uK.VtlAWwzdFKNu/QXmhIdqzpOEa','555-4077','https://ui-avatars.com/api/?name=Dr.+Thomas+Martin&background=random&size=200','Experienced specialist in Otolaryngology (ENT) with over 17 years of clinical practice. Dedicated to providing compassionate and comprehensive care.',2.3,1,'Downtown Medical Center',750.00),(535,16,'Dr. Jennifer Martin','drjennifermartin34@medcare.local','$2y$10$oNaOUVpBf0St.ANOKUEZUuaX5uK.VtlAWwzdFKNu/QXmhIdqzpOEa','555-7342','https://ui-avatars.com/api/?name=Dr.+Jennifer+Martin&background=random&size=200','Experienced specialist in Otolaryngology (ENT) with over 13 years of clinical practice. Dedicated to providing compassionate and comprehensive care.',1.9,0,'Main Clinic',500.00),(536,16,'Dr. Michael Williams','drmichaelwilliams78@medcare.local','$2y$10$oNaOUVpBf0St.ANOKUEZUuaX5uK.VtlAWwzdFKNu/QXmhIdqzpOEa','555-0428','https://ui-avatars.com/api/?name=Dr.+Michael+Williams&background=random&size=200','Experienced specialist in Otolaryngology (ENT) with over 16 years of clinical practice. Dedicated to providing compassionate and comprehensive care.',1.6,0,'Downtown Medical Center',750.00),(537,17,'Dr. Richard Jackson','drrichardjackson22@medcare.local','$2y$10$oNaOUVpBf0St.ANOKUEZUuaX5uK.VtlAWwzdFKNu/QXmhIdqzpOEa','555-7944','https://ui-avatars.com/api/?name=Dr.+Richard+Jackson&background=random&size=200','Experienced specialist in Anesthesiology with over 23 years of clinical practice. Dedicated to providing compassionate and comprehensive care.',4.5,1,'Westside Health Hub',600.00),(538,17,'Dr. James Garcia','drjamesgarcia79@medcare.local','$2y$10$oNaOUVpBf0St.ANOKUEZUuaX5uK.VtlAWwzdFKNu/QXmhIdqzpOEa','555-8583','https://ui-avatars.com/api/?name=Dr.+James+Garcia&background=random&size=200','Experienced specialist in Anesthesiology with over 23 years of clinical practice. Dedicated to providing compassionate and comprehensive care.',4.2,0,'Downtown Medical Center',750.00),(539,17,'Dr. Richard Martinez','drrichardmartinez39@medcare.local','$2y$10$oNaOUVpBf0St.ANOKUEZUuaX5uK.VtlAWwzdFKNu/QXmhIdqzpOEa','555-3429','https://ui-avatars.com/api/?name=Dr.+Richard+Martinez&background=random&size=200','Experienced specialist in Anesthesiology with over 24 years of clinical practice. Dedicated to providing compassionate and comprehensive care.',4.1,1,'Main Clinic',500.00),(540,17,'Dr. Michael Lopez','drmichaellopez92@medcare.local','$2y$10$oNaOUVpBf0St.ANOKUEZUuaX5uK.VtlAWwzdFKNu/QXmhIdqzpOEa','555-3007','https://ui-avatars.com/api/?name=Dr.+Michael+Lopez&background=random&size=200','Experienced specialist in Anesthesiology with over 17 years of clinical practice. Dedicated to providing compassionate and comprehensive care.',3.7,0,'Downtown Medical Center',750.00),(541,17,'Dr. William Wilson','drwilliamwilson25@medcare.local','$2y$10$oNaOUVpBf0St.ANOKUEZUuaX5uK.VtlAWwzdFKNu/QXmhIdqzpOEa','555-1021','https://ui-avatars.com/api/?name=Dr.+William+Wilson&background=random&size=200','Experienced specialist in Anesthesiology with over 5 years of clinical practice. Dedicated to providing compassionate and comprehensive care.',1.8,0,'Main Clinic',500.00),(542,17,'Dr. David Williams','drdavidwilliams42@medcare.local','$2y$10$oNaOUVpBf0St.ANOKUEZUuaX5uK.VtlAWwzdFKNu/QXmhIdqzpOEa','555-7484','https://ui-avatars.com/api/?name=Dr.+David+Williams&background=random&size=200','Experienced specialist in Anesthesiology with over 11 years of clinical practice. Dedicated to providing compassionate and comprehensive care.',1.6,1,'Downtown Medical Center',750.00),(543,17,'Dr. William Hernandez','drwilliamhernandez65@medcare.local','$2y$10$oNaOUVpBf0St.ANOKUEZUuaX5uK.VtlAWwzdFKNu/QXmhIdqzpOEa','555-3998','https://ui-avatars.com/api/?name=Dr.+William+Hernandez&background=random&size=200','Experienced specialist in Anesthesiology with over 11 years of clinical practice. Dedicated to providing compassionate and comprehensive care.',1.6,0,'Westside Health Hub',600.00),(544,17,'Dr. Thomas Miller','drthomasmiller54@medcare.local','$2y$10$oNaOUVpBf0St.ANOKUEZUuaX5uK.VtlAWwzdFKNu/QXmhIdqzpOEa','555-8790','https://ui-avatars.com/api/?name=Dr.+Thomas+Miller&background=random&size=200','Experienced specialist in Anesthesiology with over 18 years of clinical practice. Dedicated to providing compassionate and comprehensive care.',1.4,0,'Downtown Medical Center',750.00),(545,17,'Dr. Linda Martinez','drlindamartinez29@medcare.local','$2y$10$oNaOUVpBf0St.ANOKUEZUuaX5uK.VtlAWwzdFKNu/QXmhIdqzpOEa','555-7417','https://ui-avatars.com/api/?name=Dr.+Linda+Martinez&background=random&size=200','Experienced specialist in Anesthesiology with over 7 years of clinical practice. Dedicated to providing compassionate and comprehensive care.',1.2,1,'Main Clinic',500.00),(546,18,'Dr. Jennifer Martinez','drjennifermartinez90@medcare.local','$2y$10$oNaOUVpBf0St.ANOKUEZUuaX5uK.VtlAWwzdFKNu/QXmhIdqzpOEa','555-4902','https://ui-avatars.com/api/?name=Dr.+Jennifer+Martinez&background=random&size=200','Experienced specialist in Pathology with over 15 years of clinical practice. Dedicated to providing compassionate and comprehensive care.',4.5,1,'Downtown Medical Center',750.00),(547,18,'Dr. James Williams','drjameswilliams80@medcare.local','$2y$10$oNaOUVpBf0St.ANOKUEZUuaX5uK.VtlAWwzdFKNu/QXmhIdqzpOEa','555-4991','https://ui-avatars.com/api/?name=Dr.+James+Williams&background=random&size=200','Experienced specialist in Pathology with over 10 years of clinical practice. Dedicated to providing compassionate and comprehensive care.',4.4,1,'Main Clinic',500.00),(548,18,'Dr. John Smith','drjohnsmith26@medcare.local','$2y$10$oNaOUVpBf0St.ANOKUEZUuaX5uK.VtlAWwzdFKNu/QXmhIdqzpOEa','555-5636','https://ui-avatars.com/api/?name=Dr.+John+Smith&background=random&size=200','Experienced specialist in Pathology with over 22 years of clinical practice. Dedicated to providing compassionate and comprehensive care.',3.6,0,'Downtown Medical Center',750.00),(549,18,'Dr. Barbara Martin','drbarbaramartin74@medcare.local','$2y$10$oNaOUVpBf0St.ANOKUEZUuaX5uK.VtlAWwzdFKNu/QXmhIdqzpOEa','555-4849','https://ui-avatars.com/api/?name=Dr.+Barbara+Martin&background=random&size=200','Experienced specialist in Pathology with over 23 years of clinical practice. Dedicated to providing compassionate and comprehensive care.',3.4,0,'Westside Health Hub',600.00),(550,18,'Dr. Barbara Lopez','drbarbaralopez51@medcare.local','$2y$10$oNaOUVpBf0St.ANOKUEZUuaX5uK.VtlAWwzdFKNu/QXmhIdqzpOEa','555-5020','https://ui-avatars.com/api/?name=Dr.+Barbara+Lopez&background=random&size=200','Experienced specialist in Pathology with over 7 years of clinical practice. Dedicated to providing compassionate and comprehensive care.',3.0,1,'Downtown Medical Center',750.00),(551,18,'Dr. David Williams','drdavidwilliams87@medcare.local','$2y$10$oNaOUVpBf0St.ANOKUEZUuaX5uK.VtlAWwzdFKNu/QXmhIdqzpOEa','555-6239','https://ui-avatars.com/api/?name=Dr.+David+Williams&background=random&size=200','Experienced specialist in Pathology with over 25 years of clinical practice. Dedicated to providing compassionate and comprehensive care.',2.1,0,'Main Clinic',500.00),(552,18,'Dr. Mary Taylor','drmarytaylor14@medcare.local','$2y$10$oNaOUVpBf0St.ANOKUEZUuaX5uK.VtlAWwzdFKNu/QXmhIdqzpOEa','555-7532','https://ui-avatars.com/api/?name=Dr.+Mary+Taylor&background=random&size=200','Experienced specialist in Pathology with over 8 years of clinical practice. Dedicated to providing compassionate and comprehensive care.',1.8,0,'Downtown Medical Center',750.00),(553,19,'Dr. Richard Gonzalez','drrichardgonzalez71@medcare.local','$2y$10$oNaOUVpBf0St.ANOKUEZUuaX5uK.VtlAWwzdFKNu/QXmhIdqzpOEa','555-0846','https://ui-avatars.com/api/?name=Dr.+Richard+Gonzalez&background=random&size=200','Experienced specialist in Radiology with over 21 years of clinical practice. Dedicated to providing compassionate and comprehensive care.',4.5,1,'Main Clinic',500.00),(554,19,'Dr. Jennifer Hernandez','drjenniferhernandez49@medcare.local','$2y$10$oNaOUVpBf0St.ANOKUEZUuaX5uK.VtlAWwzdFKNu/QXmhIdqzpOEa','555-8838','https://ui-avatars.com/api/?name=Dr.+Jennifer+Hernandez&background=random&size=200','Experienced specialist in Radiology with over 6 years of clinical practice. Dedicated to providing compassionate and comprehensive care.',4.3,1,'Downtown Medical Center',750.00),(555,19,'Dr. Karen Jones','drkarenjones82@medcare.local','$2y$10$oNaOUVpBf0St.ANOKUEZUuaX5uK.VtlAWwzdFKNu/QXmhIdqzpOEa','555-7403','https://ui-avatars.com/api/?name=Dr.+Karen+Jones&background=random&size=200','Experienced specialist in Radiology with over 6 years of clinical practice. Dedicated to providing compassionate and comprehensive care.',4.2,0,'Westside Health Hub',600.00),(556,19,'Dr. John Garcia','drjohngarcia24@medcare.local','$2y$10$oNaOUVpBf0St.ANOKUEZUuaX5uK.VtlAWwzdFKNu/QXmhIdqzpOEa','555-9062','https://ui-avatars.com/api/?name=Dr.+John+Garcia&background=random&size=200','Experienced specialist in Radiology with over 10 years of clinical practice. Dedicated to providing compassionate and comprehensive care.',4.2,0,'Downtown Medical Center',750.00),(557,19,'Dr. Susan Smith','drsusansmith25@medcare.local','$2y$10$oNaOUVpBf0St.ANOKUEZUuaX5uK.VtlAWwzdFKNu/QXmhIdqzpOEa','555-7169','https://ui-avatars.com/api/?name=Dr.+Susan+Smith&background=random&size=200','Experienced specialist in Radiology with over 25 years of clinical practice. Dedicated to providing compassionate and comprehensive care.',3.5,1,'Main Clinic',500.00),(558,19,'Dr. Karen Taylor','drkarentaylor31@medcare.local','$2y$10$oNaOUVpBf0St.ANOKUEZUuaX5uK.VtlAWwzdFKNu/QXmhIdqzpOEa','555-3415','https://ui-avatars.com/api/?name=Dr.+Karen+Taylor&background=random&size=200','Experienced specialist in Radiology with over 8 years of clinical practice. Dedicated to providing compassionate and comprehensive care.',3.2,0,'Downtown Medical Center',750.00),(559,19,'Dr. Richard Williams','drrichardwilliams26@medcare.local','$2y$10$oNaOUVpBf0St.ANOKUEZUuaX5uK.VtlAWwzdFKNu/QXmhIdqzpOEa','555-4765','https://ui-avatars.com/api/?name=Dr.+Richard+Williams&background=random&size=200','Experienced specialist in Radiology with over 18 years of clinical practice. Dedicated to providing compassionate and comprehensive care.',3.0,0,'Main Clinic',500.00),(560,19,'Dr. David Gonzalez','drdavidgonzalez92@medcare.local','$2y$10$oNaOUVpBf0St.ANOKUEZUuaX5uK.VtlAWwzdFKNu/QXmhIdqzpOEa','555-4761','https://ui-avatars.com/api/?name=Dr.+David+Gonzalez&background=random&size=200','Experienced specialist in Radiology with over 5 years of clinical practice. Dedicated to providing compassionate and comprehensive care.',1.9,1,'Downtown Medical Center',750.00),(561,19,'Dr. Karen Gonzalez','drkarengonzalez94@medcare.local','$2y$10$oNaOUVpBf0St.ANOKUEZUuaX5uK.VtlAWwzdFKNu/QXmhIdqzpOEa','555-2959','https://ui-avatars.com/api/?name=Dr.+Karen+Gonzalez&background=random&size=200','Experienced specialist in Radiology with over 6 years of clinical practice. Dedicated to providing compassionate and comprehensive care.',1.3,0,'Westside Health Hub',600.00),(562,19,'Dr. Robert Garcia','drrobertgarcia26@medcare.local','$2y$10$oNaOUVpBf0St.ANOKUEZUuaX5uK.VtlAWwzdFKNu/QXmhIdqzpOEa','555-2666','https://ui-avatars.com/api/?name=Dr.+Robert+Garcia&background=random&size=200','Experienced specialist in Radiology with over 23 years of clinical practice. Dedicated to providing compassionate and comprehensive care.',1.0,0,'Downtown Medical Center',750.00),(563,20,'Dr. Patricia Lopez','drpatricialopez89@medcare.local','$2y$10$oNaOUVpBf0St.ANOKUEZUuaX5uK.VtlAWwzdFKNu/QXmhIdqzpOEa','555-4601','https://ui-avatars.com/api/?name=Dr.+Patricia+Lopez&background=random&size=200','Experienced specialist in General Practice with over 7 years of clinical practice. Dedicated to providing compassionate and comprehensive care.',4.6,1,'Main Clinic',500.00),(564,20,'Dr. John Davis','drjohndavis92@medcare.local','$2y$10$oNaOUVpBf0St.ANOKUEZUuaX5uK.VtlAWwzdFKNu/QXmhIdqzpOEa','555-2295','https://ui-avatars.com/api/?name=Dr.+John+Davis&background=random&size=200','Experienced specialist in General Practice with over 20 years of clinical practice. Dedicated to providing compassionate and comprehensive care.',4.4,0,'Downtown Medical Center',750.00),(565,20,'Dr. Elizabeth Davis','drelizabethdavis26@medcare.local','$2y$10$oNaOUVpBf0St.ANOKUEZUuaX5uK.VtlAWwzdFKNu/QXmhIdqzpOEa','555-3455','https://ui-avatars.com/api/?name=Dr.+Elizabeth+Davis&background=random&size=200','Experienced specialist in General Practice with over 8 years of clinical practice. Dedicated to providing compassionate and comprehensive care.',3.6,1,'Main Clinic',500.00),(566,20,'Dr. Thomas Miller','drthomasmiller67@medcare.local','$2y$10$oNaOUVpBf0St.ANOKUEZUuaX5uK.VtlAWwzdFKNu/QXmhIdqzpOEa','555-0124','https://ui-avatars.com/api/?name=Dr.+Thomas+Miller&background=random&size=200','Experienced specialist in General Practice with over 15 years of clinical practice. Dedicated to providing compassionate and comprehensive care.',3.5,1,'Downtown Medical Center',750.00),(567,20,'Dr. Robert Hernandez','drroberthernandez61@medcare.local','$2y$10$oNaOUVpBf0St.ANOKUEZUuaX5uK.VtlAWwzdFKNu/QXmhIdqzpOEa','555-7642','https://ui-avatars.com/api/?name=Dr.+Robert+Hernandez&background=random&size=200','Experienced specialist in General Practice with over 23 years of clinical practice. Dedicated to providing compassionate and comprehensive care.',3.3,0,'Westside Health Hub',600.00),(568,20,'Dr. Michael Brown','drmichaelbrown75@medcare.local','$2y$10$oNaOUVpBf0St.ANOKUEZUuaX5uK.VtlAWwzdFKNu/QXmhIdqzpOEa','555-3902','https://ui-avatars.com/api/?name=Dr.+Michael+Brown&background=random&size=200','Experienced specialist in General Practice with over 24 years of clinical practice. Dedicated to providing compassionate and comprehensive care.',2.9,0,'Downtown Medical Center',750.00),(569,20,'Dr. Elizabeth Miller','drelizabethmiller89@medcare.local','$2y$10$oNaOUVpBf0St.ANOKUEZUuaX5uK.VtlAWwzdFKNu/QXmhIdqzpOEa','555-8641','https://ui-avatars.com/api/?name=Dr.+Elizabeth+Miller&background=random&size=200','Experienced specialist in General Practice with over 9 years of clinical practice. Dedicated to providing compassionate and comprehensive care.',2.8,0,'Main Clinic',500.00),(570,20,'Dr. David Moore','drdavidmoore97@medcare.local','$2y$10$oNaOUVpBf0St.ANOKUEZUuaX5uK.VtlAWwzdFKNu/QXmhIdqzpOEa','555-9094','https://ui-avatars.com/api/?name=Dr.+David+Moore&background=random&size=200','Experienced specialist in General Practice with over 14 years of clinical practice. Dedicated to providing compassionate and comprehensive care.',2.7,1,'Downtown Medical Center',750.00),(571,20,'Dr. Sarah Hernandez','drsarahhernandez13@medcare.local','$2y$10$oNaOUVpBf0St.ANOKUEZUuaX5uK.VtlAWwzdFKNu/QXmhIdqzpOEa','555-4922','https://ui-avatars.com/api/?name=Dr.+Sarah+Hernandez&background=random&size=200','Experienced specialist in General Practice with over 17 years of clinical practice. Dedicated to providing compassionate and comprehensive care.',2.7,1,'Main Clinic',500.00);
/*!40000 ALTER TABLE `doctors` ENABLE KEYS */;
UNLOCK TABLES;

--
-- Table structure for table `appointments`
--

DROP TABLE IF EXISTS `appointments`;
/*!40101 SET @saved_cs_client     = @@character_set_client */;
/*!50503 SET character_set_client = utf8mb4 */;
CREATE TABLE `appointments` (
  `id` int NOT NULL AUTO_INCREMENT,
  `user_id` int NOT NULL,
  `doctor_id` int NOT NULL,
  `appointment_date` date NOT NULL,
  `appointment_time` time NOT NULL,
  `patient_query` text,
  `doctor_report` text,
  `status` enum('Pending','Approved','Cancelled') NOT NULL DEFAULT 'Pending',
  `created_at` timestamp NOT NULL DEFAULT CURRENT_TIMESTAMP,
  `token_number` int DEFAULT '0',
  `medical_report` varchar(255) DEFAULT NULL,
  PRIMARY KEY (`id`),
  KEY `user_id` (`user_id`),
  KEY `doctor_id` (`doctor_id`),
  CONSTRAINT `appointments_ibfk_1` FOREIGN KEY (`user_id`) REFERENCES `users` (`id`) ON DELETE CASCADE,
  CONSTRAINT `appointments_ibfk_2` FOREIGN KEY (`doctor_id`) REFERENCES `doctors` (`id`) ON DELETE CASCADE
) ENGINE=InnoDB AUTO_INCREMENT=6 DEFAULT CHARSET=utf8mb4 COLLATE=utf8mb4_unicode_ci;
/*!40101 SET character_set_client = @saved_cs_client */;

--
-- Dumping data for table `appointments`
--

LOCK TABLES `appointments` WRITE;
/*!40000 ALTER TABLE `appointments` DISABLE KEYS */;
INSERT INTO `appointments` VALUES (2,1,436,'2026-03-18','14:53:00',NULL,NULL,'Approved','2026-03-11 07:23:53',0,NULL),(3,1,491,'2026-03-27','15:04:00',NULL,NULL,'Approved','2026-03-11 08:35:02',0,NULL),(4,1,402,'2026-03-12','18:20:00','check the general check up','normal all are good \r\ntesting','Approved','2026-03-11 11:50:50',0,NULL),(5,1,402,'2026-03-12','19:52:00','general check up','all are good','Approved','2026-03-11 12:23:13',0,NULL);
/*!40000 ALTER TABLE `appointments` ENABLE KEYS */;
UNLOCK TABLES;

--
-- Table structure for table `medical_reports`
--

DROP TABLE IF EXISTS `medical_reports`;
/*!40101 SET @saved_cs_client     = @@character_set_client */;
/*!50503 SET character_set_client = utf8mb4 */;
CREATE TABLE `medical_reports` (
  `id` int NOT NULL AUTO_INCREMENT,
  `appointment_id` int NOT NULL,
  `file_path` varchar(255) NOT NULL,
  `file_name` varchar(255) NOT NULL,
  `uploaded_at` timestamp NULL DEFAULT CURRENT_TIMESTAMP,
  PRIMARY KEY (`id`),
  KEY `appointment_id` (`appointment_id`),
  CONSTRAINT `medical_reports_ibfk_1` FOREIGN KEY (`appointment_id`) REFERENCES `appointments` (`id`) ON DELETE CASCADE
) ENGINE=InnoDB DEFAULT CHARSET=utf8mb4 COLLATE=utf8mb4_unicode_ci;
/*!40101 SET character_set_client = @saved_cs_client */;

--
-- Dumping data for table `medical_reports`
--

LOCK TABLES `medical_reports` WRITE;
/*!40000 ALTER TABLE `medical_reports` DISABLE KEYS */;
/*!40000 ALTER TABLE `medical_reports` ENABLE KEYS */;
UNLOCK TABLES;

--
-- Table structure for table `reviews`
--

DROP TABLE IF EXISTS `reviews`;
/*!40101 SET @saved_cs_client     = @@character_set_client */;
/*!50503 SET character_set_client = utf8mb4 */;
CREATE TABLE `reviews` (
  `id` int NOT NULL AUTO_INCREMENT,
  `appointment_id` int NOT NULL,
  `user_id` int NOT NULL,
  `doctor_id` int NOT NULL,
  `rating` int NOT NULL,
  `comment` text,
  `created_at` timestamp NOT NULL DEFAULT CURRENT_TIMESTAMP,
  PRIMARY KEY (`id`),
  KEY `appointment_id` (`appointment_id`),
  KEY `user_id` (`user_id`),
  KEY `doctor_id` (`doctor_id`),
  CONSTRAINT `reviews_ibfk_1` FOREIGN KEY (`appointment_id`) REFERENCES `appointments` (`id`) ON DELETE CASCADE,
  CONSTRAINT `reviews_ibfk_2` FOREIGN KEY (`user_id`) REFERENCES `users` (`id`) ON DELETE CASCADE,
  CONSTRAINT `reviews_ibfk_3` FOREIGN KEY (`doctor_id`) REFERENCES `doctors` (`id`) ON DELETE CASCADE
) ENGINE=InnoDB AUTO_INCREMENT=6 DEFAULT CHARSET=utf8mb4 COLLATE=utf8mb4_unicode_ci;
/*!40101 SET character_set_client = @saved_cs_client */;

--
-- Dumping data for table `reviews`
--

LOCK TABLES `reviews` WRITE;
/*!40000 ALTER TABLE `reviews` DISABLE KEYS */;
INSERT INTO `reviews` VALUES (2,2,1,436,5,'good','2026-03-11 07:32:36'),(3,4,1,402,5,'good','2026-03-11 12:01:55'),(4,5,1,402,5,'good','2026-03-12 04:28:03'),(5,3,1,491,5,'good','2026-03-12 04:28:20');
/*!40000 ALTER TABLE `reviews` ENABLE KEYS */;
UNLOCK TABLES;

--
/*!40103 SET TIME_ZONE=@OLD_TIME_ZONE */;

/*!40101 SET SQL_MODE=@OLD_SQL_MODE */;
/*!40014 SET FOREIGN_KEY_CHECKS=@OLD_FOREIGN_KEY_CHECKS */;
/*!40014 SET UNIQUE_CHECKS=@OLD_UNIQUE_CHECKS */;
/*!40101 SET CHARACTER_SET_CLIENT=@OLD_CHARACTER_SET_CLIENT */;
/*!40101 SET CHARACTER_SET_RESULTS=@OLD_CHARACTER_SET_RESULTS */;
/*!40101 SET COLLATION_CONNECTION=@OLD_COLLATION_CONNECTION */;
/*!40111 SET SQL_NOTES=@OLD_SQL_NOTES */;

-- Dump completed on 2026-03-21  0:35:14
